{
    "cameras": [
        {
            "name": "Camera",
            "location": [
                2.5,
                -2.5,
                1.5
            ],
            "gaze_vector": [
                -0.5345225930213928,
                0.8017837405204773,
                -0.26726096868515015
            ],
            "up_vector": [
                -0.14824974536895752,
                0.2223745584487915,
                0.9636241793632507
            ],
            "focal_length": 50.0,
            "sensor_width": 36.0,
            "sensor_height": 24.0,
            "film_resolution": [
                1920,
                1080
            ],
            "pixel_aspect": [
                1.0,
                1.0
            ],
            "resolution_percentage": 100
        }
    ],
    "point_lights": [
        {
            "name": "Point",
            "location": [
                0.23332984745502472,
                0.7173683047294617,
                1.9591808319091797
            ],
            "radiant_intensity": 1.25
        },
        {
            "name": "Point.001",
            "location": [
                0.4997284412384033,
                0.24407100677490234,
                1.6745022535324097
            ],
            "radiant_intensity": 1.25
        }
    ],
    "spheres": [
        {
            "name": "Sphere_00",
            "location": [
                0.5,
                0.3333333432674408,
                0.20000000298023224
            ],
            "scale": [
                0.1459140181541443,
                0.053751613944768906,
                0.09125439822673798
            ],
            "material": {
                "kd": [
                    0.22321073710918427,
                    0.7364712357521057,
                    0.6766994595527649
                ],
                "ks": [
                    0.892179548740387,
                    0.08693883568048477,
                    0.42192181944847107
                ],
                "shininess": 101.08241998276466,
                "reflectivity": 0.12383777648210526,
                "transmissive": 0.0,
                "ior": 1.5
            }
        },
        {
            "name": "Sphere_01",
            "location": [
                0.25,
                0.6666666865348816,
                0.4000000059604645
            ],
            "scale": [
                0.12580329179763794,
                0.05398039519786835,
                0.07982564717531204
            ],
            "material": {
                "kd": [
                    0.6498844623565674,
                    0.5449414849281311,
                    0.22044062614440918
                ],
                "ks": [
                    0.5892657041549683,
                    0.8094304800033569,
                    0.006498759612441063
                ],
                "shininess": 283.2929935853311,
                "reflectivity": 0.744655430316925,
                "transmissive": 0.0,
                "ior": 1.5
            }
        },
        {
            "name": "Sphere_02",
            "location": [
                0.75,
                0.1111111119389534,
                0.6000000238418579
            ],
            "scale": [
                0.10103757679462433,
                0.07332192361354828,
                0.1935819536447525
            ],
            "material": {
                "kd": [
                    0.3365945518016815,
                    0.092745840549469,
                    0.09671637415885925
                ],
                "ks": [
                    0.84749436378479,
                    0.6037260293960571,
                    0.8071282505989075
                ],
                "shininess": 221.76665893855315,
                "reflectivity": 0.6837854385375977,
                "transmissive": 0.0,
                "ior": 1.5
            }
        },
        {
            "name": "Sphere_03",
            "location": [
                0.125,
                0.4444444477558136,
                0.800000011920929
            ],
            "scale": [
                0.19596736133098602,
                0.10678015649318695,
                0.13280609250068665
            ],
            "material": {
                "kd": [
                    0.8294046521186829,
                    0.6185197234153748,
                    0.8617069125175476
                ],
                "ks": [
                    0.5773521661758423,
                    0.7045718431472778,
                    0.045824382454156876
                ],
                "shininess": 127.96743157971946,
                "reflectivity": 0.2823186218738556,
                "transmissive": 0.0,
                "ior": 1.5
            }
        },
        {
            "name": "Sphere_04",
            "location": [
                0.625,
                0.7777777910232544,
                0.03999999910593033
            ],
            "scale": [
                0.06196879595518112,
                0.08491863310337067,
                0.06515021622180939
            ],
            "material": {
                "kd": [
                    0.27797359228134155,
                    0.6356844305992126,
                    0.36483219265937805
                ],
                "ks": [
                    0.37018096446990967,
                    0.2095070332288742,
                    0.26697781682014465
                ],
                "shininess": 264.2534240342994,
                "reflectivity": 0.8493236899375916,
                "transmissive": 0.0,
                "ior": 1.5
            }
        },
        {
            "name": "Sphere_05",
            "location": [
                0.375,
                0.2222222238779068,
                0.23999999463558197
            ],
            "scale": [
                0.14136965572834015,
                0.07567079365253448,
                0.15936902165412903
            ],
            "material": {
                "kd": [
                    0.1634024977684021,
                    0.37945544719696045,
                    0.9895233511924744
                ],
                "ks": [
                    0.6399997472763062,
                    0.5569497346878052,
                    0.6846142411231995
                ],
                "shininess": 312.879954763289,
                "reflectivity": 0.7742815613746643,
                "transmissive": 0.0,
                "ior": 1.5
            }
        },
        {
            "name": "Sphere_06",
            "location": [
                0.875,
                0.5555555820465088,
                0.4399999976158142
            ],
            "scale": [
                0.08435720950365067,
                0.054815035313367844,
                0.09731795638799667
            ],
            "material": {
                "kd": [
                    0.2677408754825592,
                    0.21098284423351288,
                    0.9429097175598145
                ],
                "ks": [
                    0.8763676285743713,
                    0.314677894115448,
                    0.6554386615753174
                ],
                "shininess": 365.5280582036879,
                "reflectivity": 0.41650551557540894,
                "transmissive": 0.0,
                "ior": 1.5
            }
        },
        {
            "name": "Sphere_07",
            "location": [
                0.0625,
                0.8888888955116272,
                0.6399999856948853
            ],
            "scale": [
                0.11882777512073517,
                0.08973202854394913,
                0.08699412643909454
            ],
            "material": {
                "kd": [
                    0.5613681077957153,
                    0.2627415955066681,
                    0.584585964679718
                ],