{
    "cameras": [
        {
            "name": "Camera",
            "location": [
                7.358891487121582,
                -6.925790786743164,
                4.958309173583984
            ],
            "gaze_vector": [
                -0.6515582203865051,
                0.6141703724861145,
                -0.44527140259742737
            ],
            "focal_length": 50.0,
            "sensor_width": 36.0,
            "sensor_height": 24.0,
            "film_resolution": [
                1920,
                1080
            ]
        }
    ],
    "point_lights": [
        {
            "name": "Light",
            "location": [
                4.076245307922363,
                -6.801435470581055,
                5.903861999511719
            ],
            "radiant_intensity": 1000.0
        }
    ],
    "spheres": [],
    "cubes": [
        {
            "name": "Cube",
            "translation": [
                0.0,
                0.0,
                0.0
            ],
            "rotation": [
                0.0,
                0.0,
                0.0
            ],
            "scale": 1.0
        },
        {
            "name": "Cube.001",
            "translation": [
                0.04856228828430176,
                1.2088909149169922,
                0.8914414048194885
            ],
            "rotation": [
                0.0,
                0.0,
                0.0
            ],
            "scale": 1.0
        },
        {
            "name": "Cube.002",
            "translation": [
                1.0300227403640747,
                0.37337934970855713,
                -1.5889127254486084
            ],
            "rotation": [
                0.0,
                0.0,
                0.0
            ],
            "scale": 1.0
        }
    ],
    "planes": [
        {
            "name": "Plane",
            "corners": [
                [
                    -1.7719002962112427,
                    -4.595001220703125,
                    -4.196305274963379
                ],
                [
                    5.07939338684082,
                    -2.05265212059021,
                    -1.6102194786071777
                ],
                [
                    1.7719002962112427,
                    4.595001220703125,
                    0.6170663833618164
                ],
                [
                    -5.07939338684082,
                    2.05265212059021,
                    -1.9690196514129639
                ]
            ]
        }
    ]
}